Workbook

Sheet Calculadora
A1: Calculadora geométrica de leva–martillo
A3: Importante: θmín, Hmáx y Lh no alcanzan para obtener una única leva. También debés fijar Ht y una dimensión de escala: Lt o r. La hoja calcula la otra dimensión y luego R.
A6: ENTRADAS | B6: Valor | C6: Unidad | E6: RESULTADOS | F6: Valor
A7: Ángulo mínimo θmín | B7: -20 | C7: ° | E7: Ángulo máximo θmáx | F7: =IFERROR(DEGREES(ASIN(B8/B9)),"")
A8: Altura máxima Hmáx | B8: 300 | C8: mm | E8: Ángulo tangente mínimo φmín | F8: =B7+90
A9: Longitud del martillo Lh | B9: 850 | C9: mm | E9: Ángulo tangente máximo φmáx | F9: =F7+90
A10: Altura del centro de la leva Ht | B10: 400 | C10: mm | E10: Lt calculado/usado | F10: =IF(B11="Fijar Lt",B12,IF(B11="Fijar r",(B13-B10*SIN(RADIANS(B7)))/COS(RADIANS(B7)),""))
A11: Modo de diseño | B11: Fijar Lt | E11: Radio menor r | F11: =IF(B11="Fijar r",B13,ABS(F10*COS(RADIANS(B7))+B10*SIN(RADIANS(B7))))
A12: Lt elegido | B12: 250 | C12: mm | E12: Radio mayor R | F12: =ABS(F10*COS(RADIANS(F7))+B10*SIN(RADIANS(F7)))
A13: r elegido | B13: 100 | C13: mm | E13: Distancia pivote-centro d | F13: =SQRT(F10^2+B10^2)
E14: Altura mínima Hmín | F14: =B9*SIN(RADIANS(B7))
A15: Modo «Fijar Lt»: escribí Lt en B12; B13 se ignora. Modo «Fijar r»: escribí r en B13; B12 se ignora. Se usa la rama geométrica ρ = Lt·cos(θ) + Ht·sin(θ). | E15: Recorrido vertical ΔH | F15: =B8-F14
E16: Diferencia radial R-r | F16: =F12-F11
E17: Estado geométrico | F17: =IF(OR(B9<=0,B8<0,B8>B9,ABS(B7)>=90,F10<=0,F11<=0,F12<=F11,F12>=F13,(F10*COS(RADIANS(B7))+B10*SIN(RADIANS(B7)))<=0),"REVISAR","VÁLIDO")
E19: COMPROBACIONES | F19: Valor
E20: Hmáx recalculada | F20: =B9*SIN(RADIANS(F7))
E21: r por distancia a tangente | F21: =ABS(F10*COS(RADIANS(B7))+B10*SIN(RADIANS(B7)))
E22: R por distancia a tangente | F22: =ABS(F10*COS(RADIANS(F7))+B10*SIN(RADIANS(F7)))
E23: R/d | F23: =F12/F13

Sheet Familia de soluciones
A1: Familia de soluciones posibles según Lt
A3: Como el problema no tiene una solución única, esta tabla barre distintos valores de Lt y calcula el r y R correspondientes usando los datos de la hoja Calculadora.
A6: Lt [mm] | B6: r [mm] | C6: R [mm] | D6: d [mm] | E6: R-r [mm] | F6: Estado
A7: 50 | B7: =ABS(A7*COS(RADIANS(Calculadora!$B$7))+Calculadora!$B$10*SIN(RADIANS(Calculadora!$B$7))) | C7: =ABS(A7*COS(RADIANS(Calculadora!$F$7))+Calculadora!$B$10*SIN(RADIANS(Calculadora!$F$7))) | D7: =SQRT(A7^2+Calculadora!$B$10^2) | E7: =C7-B7 | F7: =IF(OR(B7<=0,C7<=B7,C7>=D7,(A7*COS(RADIANS(Calculadora!$B$7))+Calculadora!$B$10*SIN(RADIANS(Calculadora!$B$7)))<=0),"REVISAR","VÁLIDO")
A8: 60 | B8: =ABS(A8*COS(RADIANS(Calculadora!$B$7))+Calculadora!$B$10*SIN(RADIANS(Calculadora!$B$7))) | C8: =ABS(A8*COS(RADIANS(Calculadora!$F$7))+Calculadora!$B$10*SIN(RADIANS(Calculadora!$F$7))) | D8: =SQRT(A8^2+Calculadora!$B$10^2) | E8: =C8-B8 | F8: =IF(OR(B8<=0,C8<=B8,C8>=D8,(A8*COS(RADIANS(Calculadora!$B$7))+Calculadora!$B$10*SIN(RADIANS(Calculadora!$B$7)))<=0),"REVISAR","VÁLIDO")
A9: 70 | B9: =ABS(A9*COS(RADIANS(Calculadora!$B$7))+Calculadora!$B$10*SIN(RADIANS(Calculadora!$B$7))) | C9: =ABS(A9*COS(RADIANS(Calculadora!$F$7))+Calculadora!$B$10*SIN(RADIANS(Calculadora!$F$7))) | D9: =SQRT(A9^2+Calculadora!$B$10^2) | E9: =C9-B9 | F9: =IF(OR(B9<=0,C9<=B9,C9>=D9,(A9*COS(RADIANS(Calculadora!$B$7))+Calculadora!$B$10*SIN(RADIANS(Calculadora!$B$7)))<=0),"REVISAR","VÁLIDO")
A10: 80 | B10: =ABS(A10*COS(RADIANS(Calculadora!$B$7))+Calculadora!$B$10*SIN(RADIANS(Calculadora!$B$7))) | C10: =ABS(A10*COS(RADIANS(Calculadora!$F$7))+Calculadora!$B$10*SIN(RADIANS(Calculadora!$F$7))) | D10: =SQRT(A10^2+Calculadora!$B$10^2) | E10: =C10-B10 | F10: =IF(OR(B10<=0,C10<=B10,C10>=D10,(A10*COS(RADIANS(Calculadora!$B$7))+Calculadora!$B$10*SIN(RADIANS(Calculadora!$B$7)))<=0),"REVISAR","VÁLIDO")
A11: 90 | B11: =ABS(A11*COS(RADIANS(Calculadora!$B$7))+Calculadora!$B$10*SIN(RADIANS(Calculadora!$B$7))) | C11: =ABS(A11*COS(RADIANS(Calculadora!$F$7))+Calculadora!$B$10*SIN(RADIANS(Calculadora!$F$7))) | D11: =SQRT(A11^2+Calculadora!$B$10^2) | E11: =C11-B11 | F11: =IF(OR(B11<=0,C11<=B11,C11>=D11,(A11*COS(RADIANS(Calculadora!$B$7))+Calculadora!$B$10*SIN(RADIANS(Calculadora!$B$7)))<=0),"REVISAR","VÁLIDO")
A12: 100 | B12: =ABS(A12*COS(RADIANS(Calculadora!$B$7))+Calculadora!$B$10*SIN(RADIANS(Calculadora!$B$7))) | C12: =ABS(A12*COS(RADIANS(Calculadora!$F$7))+Calculadora!$B$10*SIN(RADIANS(Calculadora!$F$7))) | D12: =SQRT(A12^2+Calculadora!$B$10^2) | E12: =C12-B12 | F12: =IF(OR(B12<=0,C12<=B12,C12>=D12,(A12*COS(RADIANS(Calculadora!$B$7))+Calculadora!$B$10*SIN(RADIANS(Calculadora!$B$7)))<=0),"REVISAR","VÁLIDO")
A13: 110 | B13: =ABS(A13*COS(RADIANS(Calculadora!$B$7))+Calculadora!$B$10*SIN(RADIANS(Calculadora!$B$7))) | C13: =ABS(A13*COS(RADIANS(Calculadora!$F$7))+Calculadora!$B$10*SIN(RADIANS(Calculadora!$F$7))) | D13: =SQRT(A13^2+Calculadora!$B$10^2) | E13: =C13-B13 | F13: =IF(OR(B13<=0,C13<=B13,C13>=D13,(A13*COS(RADIANS(Calculadora!$B$7))+Calculadora!$B$10*SIN(RADIANS(Calculadora!$B$7)))<=0),"REVISAR","VÁLIDO")
A14: 120 | B14: =ABS(A14*COS(RADIANS(Calculadora!$B$7))+Calculadora!$B$10*SIN(RADIANS(Calculadora!$B$7))) | C14: =ABS(A14*COS(RADIANS(Calculadora!$F$7))+Calculadora!$B$10*SIN(RADIANS(Calculadora!$F$7))) | D14: =SQRT(A14^2+Calculadora!$B$10^2) | E14: =C14-B14 | F14: =IF(OR(B14<=0,C14<=B14,C14>=D14,(A14*COS(RADIANS(Calculadora!$B$7))+Calculadora!$B$10*SIN(RADIANS(Calculadora!$B$7)))<=0),"REVISAR","VÁLIDO")
A15: 130 | B15: =ABS(A15*COS(RADIANS(Calculadora!$B$7))+Calculadora!$B$10*SIN(RADIANS(Calculadora!$B$7))) | C15: =ABS(A15*COS(RADIANS(Calculadora!$F$7))+Calculadora!$B$10*SIN(RADIANS(Calculadora!$F$7))) | D15: =SQRT(A15^2+Calculadora!$B$10^2) | E15: =C15-B15 | F15: =IF(OR(B15<=0,C15<=B15,C15>=D15,(A15*COS(RADIANS(Calculadora!$B$7))+Calculadora!$B$10*SIN(RADIANS(Calculadora!$B$7)))<=0),"REVISAR","VÁLIDO")
A16: 140 | B16: =ABS(A16*COS(RADIANS(Calculadora!$B$7))+Calculadora!$B$10*SIN(RADIANS(Calculadora!$B$7))) | C16: =ABS(A16*COS(RADIANS(Calculadora!$F$7))+Calculadora!$B$10*SIN(RADIANS(Calculadora!$F$7))) | D16: =SQRT(A16^2+Calculadora!$B$10^2) | E16: =C16-B16 | F16: =IF(OR(B16<=0,C16<=B16,C16>=D16,(A16*COS(RADIANS(Calculadora!$B$7))+Calculadora!$B$10*SIN(RADIANS(Calculadora!$B$7)))<=0),"REVISAR","VÁLIDO")
A17: 150 | B17: =ABS(A17*COS(RADIANS(Calculadora!$B$7))+Calculadora!$B$10*SIN(RADIANS(Calculadora!$B$7))) | C17: =ABS(A17*COS(RADIANS(Calculadora!$F$7))+Calculadora!$B$10*SIN(RADIANS(Calculadora!$F$7))) | D17: =SQRT(A17^2+Calculadora!$B$10^2) | E17: =C17-B17 | F17: =IF(OR(B17<=0,C17<=B17,C17>=D17,(A17*COS(RADIANS(Calculadora!$B$7))+Calculadora!$B$10*SIN(RADIANS(Calculadora!$B$7)))<=0),"REVISAR","VÁLIDO")
A18: 160 | B18: =ABS(A18*COS(RADIANS(Calculadora!$B$7))+Calculadora!$B$10*SIN(RADIANS(Calculadora!$B$7))) | C18: =ABS(A18*COS(RADIANS(Calculadora!$F$7))+Calculadora!$B$10*SIN(RADIANS(Calculadora!$F$7))) | D18: =SQRT(A18^2+Calculadora!$B$10^2) | E18: =C18-B18 | F18: =IF(OR(B18<=0,C18<=B18,C18>=D18,(A18*COS(RADIANS(Calculadora!$B$7))+Calculadora!$B$10*SIN(RADIANS(Calculadora!$B$7)))<=0),"REVISAR","VÁLIDO")
... A57: 550 | B57: =ABS(A57*COS(RADIANS(Calculadora!$B$7))+Calculadora!$B$10*SIN(RADIANS(Calculadora!$B$7))) | C57: =ABS(A57*COS(RADIANS(Calculadora!$F$7))+Calculadora!$B$10*SIN(RADIANS(Calculadora!$F$7))) | D57: =SQRT(A57^2+Calculadora!$B$10^2) | E57: =C57-B57 | F57: =IF(OR(B57<=0,C57<=B57,C57>=D57,(A57*COS(RADIANS(Calculadora!$B$7))+Calculadora!$B$10*SIN(RADIANS(Calculadora!$B$7)))<=0),"REVISAR","VÁLIDO")

Sheet Ecuaciones
A1: Ecuaciones utilizadas
A3: Definición | B3: Ecuación / explicación
A4: Pivote del martillo | B4: O = (0,0)
A5: Centro de la leva | B5: C = (Lt,Ht)
A6: Ángulo de la tangente | B6: φ = θ + 90°
A7: Radio por distancia a la tangente | B7: ρ = |Lt·cos(θ) + Ht·sin(θ)|
A8: Radio menor | B8: r = |Lt·cos(θmín) + Ht·sin(θmín)|
A9: Ángulo máximo | B9: θmáx = asin(Hmáx/Lh)
A10: Radio mayor | B10: R = |Lt·cos(θmáx) + Ht·sin(θmáx)|
A11: Si se fija r | B11: Lt = [r - Ht·sin(θmín)] / cos(θmín), para la rama elegida
A12: Altura mínima | B12: Hmín = Lh·sin(θmín)
A13: Recorrido total | B13: ΔH = Hmáx - Hmín
A14: Condición de tangencia | B14: 0 < r < R < d, con d = sqrt(Lt²+Ht²)
A16: Por qué hace falta una dimensión adicional: los ángulos solo fijan relaciones geométricas. Si todas las longitudes Lt, Ht, r y R se multiplican por el mismo factor, los ángulos no cambian. Por eso hay infinitas soluciones semejantes hasta fijar la escala con Ht y con Lt o r.
A20: Ecuaciones agregadas (anchos, masas y caida)
A21: Masa de una barra | B21: m = rho_material * L * b * e
A22: Inercia de una barra en el pivote | B22: I = m*L^2/3
A23: Inercia del mazo en el pivote | B23: I = m*Lh^2 + m*(3*r^2+l^2)/12
A24: Momento estatico lado martillo | B24: S_h = m_brazo*Lh/2 + m_mazo*Lh
A25: Momento estatico lado seguidor | B25: S_f = m_seg*Lf/2
A26: Torque de la gravedad | B26: tau(theta) = -g*(S_h*cos(theta) - S_f*sin(theta))
A27: Ecuacion del balancin libre | B27: I_O * theta'' = tau(theta)
A28: Energia liberada | B28: dE = g*[S_h*(sin(th_max)-sin(th_min)) + S_f*(cos(th_max)-cos(th_min))]
A29: Velocidad angular al impacto | B29: w = sqrt(2*dE/I_O)
A30: Perfil de la leva (envolvente) | B30: beta = theta - psi + 180deg ; h(beta) = rho(theta) ; p = h*m(beta) + (dh/dbeta)*m_perp(beta)
A31: Condicion de suelta (rpm minima) | B31: R*w_leva^2 > rho'(th_max) * |alpha(th_max)|
A32: No separacion durante la subida | B32: I_O*theta''(psi)*w_leva^2 >= tau(theta) (si no, el seguidor salta)
A33: Sin interferencia axial | B33: |z_leva - z_brazo| >= (e_leva + e_brazo)/2

Sheet Anchos y masas
A1: Anchos, espesores y masas
A3: Los valores por defecto salen de los STL de Assets/Fusion 360 escalados x10 (los STL son prototipos impresos 1:10). Las celdas amarillas son ENTRADAS.
A6: ENTRADAS | B6: Valor | C6: Unidad | E6: Origen
A7: Ancho del brazo del martillo b_brazo | B7: 40 | C7: mm | E7: a definir
A8: Espesor axial del brazo e_brazo | B8: 100 | C8: mm | E8: STL Mazo: plato 10 mm x10
A9: Largo del brazo seguidor Lf | B9: 700 | C9: mm | E9: para que el contacto entre
A10: Ancho del seguidor b_seg | B10: 40 | C10: mm | E10: a definir
A11: Espesor axial del seguidor e_seg | B11: 100 | C11: mm | E11: STL x10
A12: Diametro del mazo d_mazo | B12: 80 | C12: mm | E12: a definir
A13: Largo del mazo l_mazo | B13: 120 | C13: mm | E13: a definir
A14: Espesor axial de la leva e_leva | B14: 100 | C14: mm | E14: STL Leva: plato 10 mm x10
A15: Diametro de los ejes d_eje | B15: 124 | C15: mm | E15: STL Leva: agujero r=6,19 x10
A16: Densidad barras y mazo | B16: 7850 | C16: kg/m3 | E16: acero
A17: Densidad de la leva | B17: 7850 | C17: kg/m3 | E17: acero
A18: Sector de ascenso de la leva psi_rise | B18: 220 | C18: ° | E18: diseno
... A20: Velocidad de giro de la leva | B20: 45 | C20: rpm | E20: ver hoja Caida libre
A23: MASAS E INERCIA | B23: Valor | C23: Unidad
A24: Masa del brazo del martillo | B24: =Calculadora!B9*B7*B8*1E-9*B16 | C24: kg
A25: Masa del brazo seguidor | B25: =B9*B10*B11*1E-9*B16 | C25: kg
A26: Masa del mazo | B26: =PI()*(B12/2)^2*B13*1E-9*B16 | C26: kg
A27: Masa total del balancin | B27: =B24+B25+B26 | C27: kg
A28: I del brazo respecto al pivote | B28: =B24*(Calculadora!B9/1000)^2/3 | C28: kg m2
A29: I del seguidor respecto al pivote | B29: =B25*(B9/1000)^2/3 | C29: kg m2
A30: I del mazo respecto al pivote | B30: =B26*(Calculadora!B9/1000)^2+B26*(3*(B12/2000)^2+(B13/1000)^2)/12 | C30: kg m2
A31: I_O total del balancin | B31: =B28+B29+B30 | C31: kg m2
A32: Momento estatico lado martillo S_h | B32: =B24*Calculadora!B9/2000+B26*Calculadora!B9/1000 | C32: kg m
A33: Momento estatico lado seguidor S_f | B33: =B25*B9/2000 | C33: kg m
A36: ANCHOS DE LA LEVA (perfil) | B36: Valor | C36: Unidad
A37: Radio menor r | B37: =Calculadora!F11 | C37: mm
A38: Radio mayor R | B38: =Calculadora!F12 | C38: mm
A39: Circulo base (reposo) r_base | B39: =B37-B19 | C39: mm
A40: Ancho maximo de la leva (2R) | B40: =2*B38 | C40: mm
A41: Volumen aproximado de la leva | B41: =PI()*((B37+B38)/2)^2*B14*1E-9 | C41: m3
A42: Masa aproximada de la leva | B42: =B41*B17 | C42: kg
A45: DISPOSICION AXIAL (z) | B45: Valor | C45: Unidad
A46: z de la leva y del seguidor (comparten plano) | B46: 0 | C46: mm
A47: z del brazo del martillo | B47: 130 | C47: mm
A48: z minimo necesario (leva/brazo no se tocan) | B48: =(B14+B8)/2 | C48: mm
A49: Estado | B49: =IF(ABS(B47-B46)>=B48,"OK","INTERFIEREN")
A50: La nariz de la leva barre POR ENCIMA del brazo del martillo: si comparten plano axial chocan. El desfase en z es obligatorio.

Sheet Caida libre
A1: Suelta y caida libre
A3: Energia y velocidad si el mazo cayera libre desde theta_max. La simulacion en Python (src/calculos_modelados/python/leva_martillo) da la caida REAL, que es menor: ver nota abajo.
A6: CAIDA LIBRE IDEAL | B6: Valor | C6: Unidad
A7: Energia potencial liberada | B7: =9.80665*('Anchos y masas'!B32*(SIN(RADIANS(Calculadora!F7))-SIN(RADIANS(Calculadora!B7)))+'Anchos y masas'!B33*(COS(RADIANS(Calculadora!F7))-COS(RADIANS(Calculadora!B7)))) | C7: J
A8: Velocidad angular al impacto | B8: =SQRT(2*B7/'Anchos y masas'!B31) | C8: rad/s
A9: Velocidad del mazo al impacto | B9: =B8*Calculadora!B9/1000 | C9: m/s
A10: Tiempo de caida (aprox.) | B10: =2*(RADIANS(Calculadora!F7)-RADIANS(Calculadora!B7))/B8 | C10: s
A13: VENTANA DE VELOCIDAD DE LA LEVA | B13: Valor | C13: Unidad
A14: rpm MINIMA: la nariz alcanza a apartarse | B14: =SQRT(Calculadora!F21*9.80665*'Anchos y masas'!B32/('Anchos y masas'!B31*Calculadora!F12/1000)/(Calculadora!F12/1000))*60/(2*PI()) | C14: rpm
A15: rpm elegida | B15: ='Anchos y masas'!B20 | C15: rpm
A16: Periodo del ciclo | B16: =60/B15 | C16: s
A17: Estado | B17: =IF(B15>B14,"OK","LA LEVA NO SUELTA")
A20: LIMITACION DEL SEGUIDOR DE CARA PLANA
A21: Una leva que empuja una CARA PLANA tiene que ser convexa: la cara solo puede tocar la envolvente exterior. Una leva convexa no admite un escalon hacia adentro, asi que no puede 'desaparecer' de golpe: al soltar, la superficie se retira a una velocidad limitada por el giro. Resultado: el mazo baja ACOMPANADO por la leva y llega con menos energia que en caida libre (la simulacion da ~68% a 45 rpm). Para caida libre de verdad hace falta cambiar el seguidor: rodillo con desenganche, o un trinquete/escape que libere el balancin. Ver el README de la simulacion.
